code,name,category,family_test,key_properties,complexity_summary,sali_iri
C1,Global master with local participation,Customers,"This family exists where one negotiated agreement is intended to be adopted by multiple legal entities, and adoption happens through a per-entity instrument, signed or deemed. The defining structure is the participation layer sitting between the master and local trading. If that layer exists the contract belongs here, whatever the cover page says and whoever's paper it is on. A group agreement merely referenced by local entities with no adoption mechanism is C2 with scope recorded as group-referenced.","scope: global | paper: ours or theirs | commercial completeness: no | participation status: signed or deemed | flow-down: yes, no or per accession","Two amendment chains, global and local, that drift apart; the accession edge carries the flow-down property, or each global amendment gets explicit flows-down-to edges to the LPAs that adopted it. Deemed participation (affiliates may order hereunder) still creates a participation node per entity, status deemed rather than signed. The varies edges from local amendments to master clauses are the highest-value edges in the family.",pending mapping
C2,"Negotiated master, single scope",Customers,"One negotiated instrument carrying relationship terms (liability, warranty, compliance) for a single legal entity or a group by loose reference, with commercials left to each transaction. No participation layer and no self-executing commercial layer. Either paper: a customer-paper procurement master is this family with paper recorded as theirs and its own alias set.","scope: single or group-referenced | paper: ours, theirs or hybrid | commercial completeness: no | commitment: none to target","The word Addendum names two different node types here: an amendment and a new component. Type is assigned by what the document does. URL-incorporated policies change without signature, so every incorporates edge carries version and capture date.",pending mapping
C3,Framework with call-off,Customers,"A master plus a versioned commercial layer (price list, blanket structure) that makes call-offs self-executing: an order alone completes a contract on pre-agreed commercials. The test against C2 is commercial completeness. Mostly customer paper in practice.",commercial completeness: yes | commitment: often volume or target | scope: usually single,"Almost all change happens in schedules and letters, not formal amendments; the supersedes chain on the price list is the family's spine. The blanket order inserts a level between framework and delivery: framework, blanket, release.",pending mapping
C4,Account-based trading on standard terms,Customers,"No negotiated master. Where a Customer Account Application Form (CAF) is in place it binds the customer into our terms of sale and acts as a quasi-framework anchoring the account. Where it is absent, each order is a battle of the forms resolved order by order. Customer Vendor Registration Forms attempting the mirror move are recorded as rival instruments at the same level. By volume this is the biggest family a distributor has.",anchor present: yes or no | terms version in force: by order date | last shot: ours or theirs per order,"Each order must point at the version of the shared terms in force on its date; the shared terms node has thousands of incoming edges, which is where the structure stops being a tree. Battle of the forms is a conflicts-with edge carrying a last-shot property, resolved per order, never per relationship.",pending mapping
C5,Supply-chain and value-added services,Customers,"Services that change or prepare the product itself: staging, kitting, cutting, configuration, labelling, testing. Usually a schedule under a C1 to C3 master, sometimes a standalone VAS agreement. Distinct from C6 because the deliverable is the modified product flowing through the ordinary order stream, not a scoped project.","attachment: schedule under C1 to C3, or standalone | pricing: per line, per operation or bundled","Specifications live under change control and version faster than the master; the supersedes chain sits at spec level. POs must reference the VAS lines, so the transaction layer carries edges into the schedule, not just the master.",pending mapping
C6,General services and works,Customers,"Services with a defined scope delivered as projects: installation, commissioning, design, general contracting. The shape is master to SOW to change order, with pricing per SOW or quote; rate cards are rare in distribution. Includes standalone SOWs for design work (racking layout, wiring layout, assembly design) placed under standard terms with no master at all.",precedence: per SOW (SOW over master or master over SOW) | pricing: per SOW or quote | standalone SOW: incorporates shared terms,"Change orders amend the SOW, not the master; the SOW-versus-master precedence can differ per SOW and is a property, not an assumption. Installation work is typically subcontracted, which creates back-to-back edges into S10.",pending mapping
C7,Industry model form projects,Customers,"Project supply or subcontract on an industry model form: NEC, JCT, FIDIC with schedules of amendments. Main-contract conditions are stepped down by incorporation, often without the distributor ever holding the main contract, which is flagged on the incorporates edge. Bonds and collateral warranties attach through the security overlay.","paper: model form | model form: NEC, JCT, FIDIC, other | main contract held: yes or no","The incorporated main-contract conditions may not be in the file; the flag on the edge is the risk register entry. Bonds and warranties have their own lifecycle (expiry, release, calls) independent of the subcontract.",pending mapping
C8,EPC exceptions pattern,Customers,"An EPC contractor puts its terms in front of us at bid stage and asks for a list of exceptions. The exceptions and clarifications list, in whatever form it takes, is memorialised in special conditions. The executed instrument is a layered, pre-agreed PO incorporating general conditions, special conditions prevailing over them, and a body of technical exhibits. The family question is whether the exceptions list survives as its own instrument or merges into the special conditions; this model keeps it alive as a node with a memorialised-in edge.",paper: theirs | precedence chain: SC over GC over exhibits (verify per deal) | exceptions list: survives or merged,"The PO is the execution event for the whole stack, so its incorporates edges carry the entire contract. Prevails-over edges matter more than the tree here; a wrong precedence chain is the family's characteristic failure.",pending mapping
C9,"Consignment, VMI, DLF and integrated supply",Customers,"Our stock held at the customer's site with title passing on consumption. VMI adds our management of replenishment; DLF (direct line feed) adds our personnel on site filling bins, racks or any other min/max system. Integrated supply and in-plant store variants extend the same shape. The defining structure is site schedules and min/max lists changing monthly under a stable master, settled against consumption reports.","title transfer: on consumption | on-site labour: none, VMI-managed or DLF | site link: covers-site edges into master data","The min/max list supersedes monthly; treat it as a versioned component or the graph drowns in amendments. Site schedules carry covers-site edges into master data, which is what makes site-level questions answerable.",pending mapping
C10,Reseller and sub-distributor,Customers,"The customer resells onward. Territory and product schedules constrain the appointment, and vendor end-user terms flow down through us into the customer's tree, which creates deliberate edges from S1 shared nodes into this family.",appointment: yes (by us) | territory and product constraints: schedule level | flow-down source: S1 family,The flows-down-to edges from vendor terms are cross-category and cross-relationship; they are exactly what a folder structure cannot show.,pending mapping
C11,Public sector frameworks,Customers,"An awarded framework that is not itself a contract to supply; each authority's call-off is. Authorities fan out under the framework like LPAs under a master. Lots and call-offs are UK-flavoured terminology; the structure travels across jurisdictions even where the names do not, so jurisdiction is a property, and OCDS is available as an optional adapter.",jurisdiction: ISO 3166 | lot structure: yes or no | call-off basis: direct award or mini-competition,The framework alone creates no supply obligation; agents must not treat it as a governing master for orders that lack a call-off. Each calling-off authority is a distinct legal entity with its own party edges into master data.,pending mapping
C12,E-commerce accounts,Customers,"A registered web account governed by webshop terms, standard or negotiated; users attach to the account and orders attach through it. Distinct from EDI, API and PunchOut, which are channels usually documented as a schedule inside another family (overlay O5) because an underlying contract is typically negotiated. Agent-based ordering is a reserved future channel type.","terms: standard or negotiated | users: person nodes with user-of edges | channel overlays: O5 where EDI, API or PunchOut added","Click-accept is the execution event; capture date and version matter more than signature. Thousands of accounts share one terms node, the same many-to-one shape as C4.",pending mapping
C13,Programmes and pricing letters,Customers,"Annual or project-specific commercial letters that vary pricing under whatever else governs: rebates, growth incentives, special pricing letters. Re-issue supersedes; project letters are time-limited. They attach to the relationship and reference the governing master or price list where one exists.",cycle: annual re-issue or project | time-limited: usually yes | varies: master or price list,"Annual re-issue makes the supersedes chain the family's backbone; the current letter is a point-in-time query, not a folder. SPA collides with the supplier-side S9 sense and with Sale and Purchase Agreement; the alias registry disambiguates by category.",pending mapping
S1,Authorised distribution and channel programmes,Suppliers,"Appointment is yes: the agreement confers channel status and generates programme children such as price protection, stock rotation, ship-and-debit and SPA eligibility, often through annual programme terms that re-issue each year and instruments that bind by notice rather than signature. The absence of those children is what sends a document to S2 instead.","appointment: yes | update mechanism: by notice for lists, signature for the master | node status: notified where bound by notice","Instruments that bind by notice are still nodes, with status notified rather than signed. Annual programme terms re-issue wholesale; the supersedes chain carries the years. End-user terms flow down into C10, the family's signature cross-category edge.",pending mapping
S2,"Master supply or purchase, no appointment",Suppliers,"Buy-side relationship terms without channel status. Structurally a mirror of C2. The defining feature is the absence of programme children: no price protection, no stock rotation, no ship-and-debit eligibility.",appointment: no | commercial completeness: usually no,"The classifier's test against S1 is appointment plus programme children, never the title on the cover.",pending mapping
S3,Framework purchase with releases,Suppliers,"Buy-side framework with a versioned commercial layer; blanket POs or scheduling agreements sit between framework and delivery, drawn down by releases. Forecasts hover at the edge of bindingness and are recorded as evidence with a commitment band, not as orders.",commercial completeness: yes | forecast: binding band property | commitment: volume,Forecast versus commitment is the family's recurring dispute; the binding band lives as a property on the forecast evidence node.,pending mapping
S4,"Software and cloud partner programmes, for resale",Suppliers,"Click-through partner stacks for products we resell. Nearly everything incorporated by URL and updated quarterly; the portal acceptance is the execution event. Strictly for resale: anything consumed internally is V1 or V2, never this family.","paper: theirs, click-through | update cadence: quarterly typical | execution event: portal acceptance | purpose: resale only",Version capture on every incorporates edge is the whole game; the terms you accepted are not the terms on the website today. Portal orders resold onward create back-to-back edges into customer families.,pending mapping
S5,Commercial agency,Suppliers,"Agency proper: we act as agent, title never passes, and statutory regimes bite, notably the EU Commercial Agents Directive and Middle East agency protections with their termination compensation and registration rules. Kept apart from S6 because the statutory regime changes the risk profile of the whole family.","statutory regime: EU CAD, Middle East agency law, other, none | title: never passes | registration: jurisdiction dependent",Termination is the event that matters; compensation and indemnity claims arise by statute regardless of the drafting.,pending mapping
S6,Commission and introducer agreements,Suppliers,"A fee for winning or introducing business, one-off or ongoing, often bringing local knowledge or project expertise. No statutory agency regime, which is exactly why it is split from S5. Claims reference the project or customer that earned them, another quiet cross-category edge.",regime: none | duration: one-off or ongoing | anti-bribery diligence: flag,"The compliance risk is ABC-shaped, not agency-shaped; diligence evidence attaches through S12-style evidence nodes.",pending mapping
S7,Manufacturing and private label,Suppliers,They make to our specification or under our brand. Specifications sit under change control and version faster than the master; the quality agreement is owned by a different function; tooling has its own title and lifecycle; a brand licence rides along where private label applies.,spec control: change control process | tooling title: ours or theirs | brand licence: yes where private label,"Three sub-documents with three different owners (commercial, quality, brand) under one master; ownership is a property worth recording.",pending mapping
S8,Terms of purchase and supplier account forms,Suppliers,"Mirror of C4 on the buy side. Our terms of purchase govern by default; the supplier's account form or acknowledgement tries to bind us into theirs, and the conflict is recorded per order with a last-shot property, never assumed at relationship level.",last shot: per order | rival anchor present: yes or no,"Their quote often fires first and our PO answers it, reversing the C4 sequence; direction of the responds-to edge captures which.",pending mapping
S9,Special pricing and programme claims,Suppliers,"High-volume, short-lived commercial instruments tied to a specific customer, project or product: SPAs, deviated pricing, ship-and-debit, price protection, stock rotation, MDF and co-op, rebates. Each links to the supplier relationship and to the specific customer relationship it serves, which makes this the first family whose edges routinely cross categories. DPA here means deviated pricing agreement, a collision with data processing that the alias registry disambiguates.",time-limited: yes | linked customer: relationship reference mandatory | claim settlement: credit or debit memo,"Volume is the challenge: thousands of short-lived nodes; the cross edges to customer relationships are the analytical payoff. Every claim is a transaction node claimed under its instrument, which is what makes margin-recovery questions walkable.",pending mapping
S10,"Services for resale, back-to-back",Suppliers,"Subcontracted services we resell. Supplier SOWs mirror customer SOWs, and the mismatches between them (warranty period, liability cap, response times) are recorded as gap edges. The mirror and gap edges into C6 are the family's purpose.",mirror target: C6 SOW reference | gap register: per-term gap edges,Each material term mismatch is one gap edge with the delta as a property; the set of gap edges is the risk register.,pending mapping
S11,Supplier consignment and drop-ship,Suppliers,"Their stock in our warehouse with title passing on our draw, or their delivery direct to our customer. The physical flow bypasses us in drop-ship while the contract flow does not, and the graph must keep the two apart.",title: theirs until draw | physical flow: through us or direct | settlement: on consumption,Drop-ship creates delivery edges to customer sites while invoicing edges stay with us; conflating the two flows is the classic modelling error.,pending mapping
S12,Quality and compliance evidence,Suppliers,"Mostly evidence with validity periods rather than contracts: quality agreements aside, this is declarations of conformity, REACH, RoHS and conflict minerals declarations, certificates of conformity per batch, insurance certificates. Evidence attaches to products as well as to the relationship and feeds importer and distributor obligations under product regulation.",validity window: mandatory | attaches to: relationship and product | regulatory driver: importer or distributor obligations,Batch-level certificates attach to product nodes and even lots; expiry queries are the operational use case.,pending mapping
V1,SaaS subscriptions,Vendors,Own-consumption cloud software. The operative commercial instrument is the order form; the master sits above it by URL reference and can change; the negotiated security addendum prevails over the URL terms. Renewal order forms supersede their predecessors.,"master: by URL, mutable, capture dates mandatory | operative instrument: order form | precedence: signed addendum over URL terms",Every URL incorporation carries version and capture date; the subprocessor list changes on notice and needs its own capture trail.,pending mapping
V2,Enterprise licence and support,Vendors,"Perpetual or term licences with annual support renewals forming a chain of new instruments, plus audit and true-up letters that amend the licensed position.",renewals: new instruments in a chain | true-ups: amendments | audit rights: flag,"Renewals are instruments, not status flips; the chain answers what was supported when.",pending mapping
V3,IT services and outsourcing,Vendors,"Long-term managed services: master, many SOWs with independent lifecycles, service levels, exit plan, formal change control producing change notes.",exit plan: component with its own review cycle | SOW precedence: per SOW,Exit is the family's tail risk; the exit plan node and its currency deserve monitoring edges.,pending mapping
V4,Telecoms and connectivity,Vendors,"A master with hundreds of small service orders per site or circuit, each with its own minimum term and auto-renewal. The population of orders, not the master, is where the money and the notice deadlines live.",auto-renew: per order | minimum term: per order | notice window: per order,Renewal-notice queries run across the order population; the master is almost never the answer.,pending mapping
V5,Professional advisers,Vendors,"Panel terms or outside counsel guidelines on our paper prevailing over the adviser's terms of business, with an engagement letter per matter and fee letters varying it. The adviser's own terms are incorporated and periodically updated.",precedence: our guidelines over their ToB | granularity: one engagement per matter,"Matter-level engagement letters map one-to-one onto matters in practice management, a natural join to a different master data set.",pending mapping
V6,"Recruitment, staffing and contractors",Vendors,"Agency terms of business with assignment schedules, consultancy agreements with SOWs, employer of record arrangements with country addenda. Introduction fees and off-payroll status are the recurring properties. Employment contracts are out of scope, a people category to decide separately.",introduction fee: window and amount | off-payroll: status per engagement,"Assignment schedules carry person references, joining contract data to people data with the obvious privacy overlay.",pending mapping
V7,Property,Vendors,"Agreement for lease into lease, then a long life of deeds and consents: rent deposit deed, licences to alter, assign or sublet, deeds of variation, personal side letters, rent review memoranda, break notices, subleases. Deeds, statutory overlay and decade-scale lifecycles make this the slowest family in the graph.","instrument form: deed | side letters: personal, non-transferable flag | statutory overlay: jurisdiction",Personal side letters do not bind successors; the personal flag changes what a due diligence walk may rely on.,pending mapping
V8,Facilities and equipment,Vendors,"Master hire or lease with equipment schedules per asset, acceptance certificates, extensions and returns, plus FM contracts with site schedules and SLAs. The master-plus-schedules shape is the C1 pattern wearing overalls.",per-asset schedules: one node per asset | acceptance: evidence gate for payment,"Asset schedules join to fixed-asset registers, another master data set outside this spine but linkable by the same discipline.",pending mapping
V9,Logistics and fleet,Vendors,"Logistics services agreements with versioned rate cards, lane and site schedules, KPI schedules and annual rate letters; carrier agreements incorporating standard carrier conditions with their own liability limits; customs brokerage; fleet master leases. Borderline by design: the cost is recharged to customers but the service is consumed by us, so vendor.",incorporated conditions: liability limits recorded | rate cycle: annual,Incorporated carrier conditions cap liability far below cargo value; the limit belongs on the incorporates edge where an agent will trip over it.,pending mapping
V10,"Banking, finance and insurance",Vendors,"Facility agreements with security documents cutting across group entities, compliance certificates, amendments and waivers; insurance policies with schedules, endorsements and renewals; credit insurance whose buyer limits point at customer master data, a deliberate cross-category edge. Lumped as one family for now; splitting finance from insurance is a known candidate refinement.",security scope: entities charged | buyer limits: per customer account | covenant evidence: certificate cycle,"Security documents bind entities that never trade with the counterparty; the party edges are the point. Credit insurance buyer limits are vendor-category nodes pointing at customer accounts, the graph's most useful cross-category edge for credit control.",pending mapping
V11,Indirect goods and services,Vendors,"The long tail: terms of purchase, PO, invoice, mostly auto-renewing, individually small and collectively noisy. Marketing agencies, sponsorships, memberships, data subscriptions, travel, utilities. Low modelling depth by design: invariant edges, dates and renewal flags.",modelling depth: minimal | renewal: auto flags and dates,The catch-all discipline matters most here: function tags and invariant edges even where family confidence is low.,pending mapping
C0,Unclassified customer document,Customers,"Catch-all. The document is on the customer side of the house but its structure does not match any family test, or the evidence is too thin to decide. It still gets a function tag from the closed list (governs, transacts, changes, secures, evidences, resolves, enables_channel, pre_contract), attaches to its relationship with status provisional and a confidence score, and enters the human review queue.","function_tag: governs, transacts, changes, secures, evidences, resolves, enables_channel or pre_contract | status: provisional | confidence: 0.00 to 1.00","Reviewer outcomes feed the alias dictionary; recurring clusters become new-family proposals; the metric is unclassified rate per category, trending down.",pending mapping
S0,Unclassified supplier document,Suppliers,"Catch-all. The document is on the supplier side of the house but its structure does not match any family test, or the evidence is too thin to decide. It still gets a function tag from the closed list (governs, transacts, changes, secures, evidences, resolves, enables_channel, pre_contract), attaches to its relationship with status provisional and a confidence score, and enters the human review queue.","function_tag: governs, transacts, changes, secures, evidences, resolves, enables_channel or pre_contract | status: provisional | confidence: 0.00 to 1.00","Reviewer outcomes feed the alias dictionary; recurring clusters become new-family proposals; the metric is unclassified rate per category, trending down.",pending mapping
V0,Unclassified vendor document,Vendors,"Catch-all. The document is on the vendor side of the house but its structure does not match any family test, or the evidence is too thin to decide. It still gets a function tag from the closed list (governs, transacts, changes, secures, evidences, resolves, enables_channel, pre_contract), attaches to its relationship with status provisional and a confidence score, and enters the human review queue.","function_tag: governs, transacts, changes, secures, evidences, resolves, enables_channel or pre_contract | status: provisional | confidence: 0.00 to 1.00","Reviewer outcomes feed the alias dictionary; recurring clusters become new-family proposals; the metric is unclassified rate per category, trending down.",pending mapping
